Domain,Creation,Date
chatgpt-t.com,2023-02-28
zoomvideor.com,2023-02-27
adobe-l.com,2023-02-22
freecad-l.com,2023-02-22
microso-t.com,2023-02-22
spotify-uss.com,2023-02-21
quickbooks-q.com,2023-02-21
freecad-f.com2,2023-02-20
java-s.com,2023-02-13
adobe-e.com,2023-02-13
anydesk-o.com,2023-02-13
anydesk-r.com,2023-02-09
java-r.com,2023-02-09
tableau-r.com,2023-02-09
java-a.com,2023-02-07
basecamp-a.com,2023-02-07
adobe-a.com,2023-02-03
visualstudio-t.com,2023-02-03
openoffice-a.com,2023-02-03
bitwarden-t.com,2023-02-01
gimp-t.com,2023-02-01
figma-t.com6,2023-02-01
